{"file:///c%3A/%E5%9C%A8%E4%BF%AE%E6%94%B9%E7%9A%84%E5%86%85%E5%AE%B9/jbbot/zmng/test/userColl4.json":{"language":"JSON","code":50,"comment":0,"blank":0},"file:///c%3A/%E5%9C%A8%E4%BF%AE%E6%94%B9%E7%9A%84%E5%86%85%E5%AE%B9/jbbot/zmng/web.js":{"language":"JavaScript","code":15,"comment":1,"blank":9},"file:///c%3A/%E5%9C%A8%E4%BF%AE%E6%94%B9%E7%9A%84%E5%86%85%E5%AE%B9/jbbot/zmng/test/lowDbTest.js":{"language":"JavaScript","code":23,"comment":9,"blank":23},"file:///c%3A/%E5%9C%A8%E4%BF%AE%E6%94%B9%E7%9A%84%E5%86%85%E5%AE%B9/jbbot/zmng/test/pkgTest.js":{"language":"JavaScript","code":9,"comment":3,"blank":12},"file:///c%3A/%E5%9C%A8%E4%BF%AE%E6%94%B9%E7%9A%84%E5%86%85%E5%AE%B9/jbbot/zmng/test/lowdbTst.js":{"language":"JavaScript","code":10,"comment":3,"blank":14},"file:///c%3A/%E5%9C%A8%E4%BF%AE%E6%94%B9%E7%9A%84%E5%86%85%E5%AE%B9/jbbot/zmng/test/dblowT.js":{"language":"JavaScript","code":12,"comment":10,"blank":24},"file:///c%3A/%E5%9C%A8%E4%BF%AE%E6%94%B9%E7%9A%84%E5%86%85%E5%AE%B9/jbbot/zmng/test/ati1990fp4nodeTest.js":{"language":"JavaScript","code":2,"comment":0,"blank":7},"file:///c%3A/%E5%9C%A8%E4%BF%AE%E6%94%B9%E7%9A%84%E5%86%85%E5%AE%B9/jbbot/zmng/doc/starter.go":{"language":"Go","code":12,"comment":2,"blank":4},"file:///c%3A/%E5%9C%A8%E4%BF%AE%E6%94%B9%E7%9A%84%E5%86%85%E5%AE%B9/jbbot/zmng/doc/publish%20npm%20pkg.md":{"language":"Markdown","code":18,"comment":0,"blank":17},"file:///c%3A/%E5%9C%A8%E4%BF%AE%E6%94%B9%E7%9A%84%E5%86%85%E5%AE%B9/jbbot/zmng/doc/playstatRet.json":{"language":"JSON","code":1,"comment":0,"blank":0},"file:///c%3A/%E5%9C%A8%E4%BF%AE%E6%94%B9%E7%9A%84%E5%86%85%E5%AE%B9/jbbot/zmng/shangxiafen.js":{"language":"JavaScript","code":141,"comment":49,"blank":114},"file:///c%3A/%E5%9C%A8%E4%BF%AE%E6%94%B9%E7%9A%84%E5%86%85%E5%AE%B9/jbbot/zmng/test/web.js":{"language":"JavaScript","code":5,"comment":9,"blank":43},"file:///c%3A/%E5%9C%A8%E4%BF%AE%E6%94%B9%E7%9A%84%E5%86%85%E5%AE%B9/jbbot/zmng/res/kill.js":{"language":"JavaScript","code":9,"comment":0,"blank":5},"file:///c%3A/%E5%9C%A8%E4%BF%AE%E6%94%B9%E7%9A%84%E5%86%85%E5%AE%B9/jbbot/zmng/res/playerQryRzt.json":{"language":"JSON","code":20,"comment":0,"blank":0},"file:///c%3A/%E5%9C%A8%E4%BF%AE%E6%94%B9%E7%9A%84%E5%86%85%E5%AE%B9/jbbot/zmng/res/kexiafen.json":{"language":"JSON","code":9,"comment":0,"blank":0},"file:///c%3A/%E5%9C%A8%E4%BF%AE%E6%94%B9%E7%9A%84%E5%86%85%E5%AE%B9/jbbot/zmng/res/g.go":{"language":"Go","code":5,"comment":0,"blank":6},"file:///c%3A/%E5%9C%A8%E4%BF%AE%E6%94%B9%E7%9A%84%E5%86%85%E5%AE%B9/jbbot/zmng/lowdbx/package.json":{"language":"JSON","code":8,"comment":0,"blank":1},"file:///c%3A/%E5%9C%A8%E4%BF%AE%E6%94%B9%E7%9A%84%E5%86%85%E5%AE%B9/jbbot/zmng/lowdbx/userColl.json":{"language":"JSON","code":6,"comment":0,"blank":0},"file:///c%3A/%E5%9C%A8%E4%BF%AE%E6%94%B9%E7%9A%84%E5%86%85%E5%AE%B9/jbbot/zmng/res/apidoc.json":{"language":"JSON","code":5,"comment":0,"blank":0},"file:///c%3A/%E5%9C%A8%E4%BF%AE%E6%94%B9%E7%9A%84%E5%86%85%E5%AE%B9/jbbot/zmng/res/agtBal.json":{"language":"JSON","code":1,"comment":0,"blank":0},"file:///c%3A/%E5%9C%A8%E4%BF%AE%E6%94%B9%E7%9A%84%E5%86%85%E5%AE%B9/jbbot/zmng/lowdbx/lowdbX.js":{"language":"JavaScript","code":60,"comment":39,"blank":47},"file:///c%3A/%E5%9C%A8%E4%BF%AE%E6%94%B9%E7%9A%84%E5%86%85%E5%AE%B9/jbbot/zmng/res/web.js":{"language":"JavaScript","code":15,"comment":1,"blank":9},"file:///c%3A/%E5%9C%A8%E4%BF%AE%E6%94%B9%E7%9A%84%E5%86%85%E5%AE%B9/jbbot/zmng/res/ts11.ts":{"language":"TypeScript","code":1,"comment":0,"blank":2},"file:///c%3A/%E5%9C%A8%E4%BF%AE%E6%94%B9%E7%9A%84%E5%86%85%E5%AE%B9/jbbot/zmng/node_modu/autoload.js":{"language":"JavaScript","code":22,"comment":10,"blank":14},"file:///c%3A/%E5%9C%A8%E4%BF%AE%E6%94%B9%E7%9A%84%E5%86%85%E5%AE%B9/jbbot/zmng/lowdbx/lowdbTst.js":{"language":"JavaScript","code":13,"comment":12,"blank":24},"file:///c%3A/%E5%9C%A8%E4%BF%AE%E6%94%B9%E7%9A%84%E5%86%85%E5%AE%B9/jbbot/zmng/node_modu/apidoc.json":{"language":"JSON","code":5,"comment":0,"blank":0},"file:///c%3A/%E5%9C%A8%E4%BF%AE%E6%94%B9%E7%9A%84%E5%86%85%E5%AE%B9/jbbot/zmng/res/sheofenRzt.json":{"language":"JSON","code":12,"comment":0,"blank":0},"file:///c%3A/%E5%9C%A8%E4%BF%AE%E6%94%B9%E7%9A%84%E5%86%85%E5%AE%B9/jbbot/zmng/libBiz/api%E2%80%94%E2%80%94dep.js":{"language":"JavaScript","code":87,"comment":23,"blank":45},"file:///c%3A/%E5%9C%A8%E4%BF%AE%E6%94%B9%E7%9A%84%E5%86%85%E5%AE%B9/jbbot/zmng/node_modu/api.js":{"language":"JavaScript","code":87,"comment":24,"blank":85},"file:///c%3A/%E5%9C%A8%E4%BF%AE%E6%94%B9%E7%9A%84%E5%86%85%E5%AE%B9/jbbot/zmng/node_modu/core.js":{"language":"JavaScript","code":8,"comment":0,"blank":5},"file:///c%3A/%E5%9C%A8%E4%BF%AE%E6%94%B9%E7%9A%84%E5%86%85%E5%AE%B9/jbbot/zmng/node_modu/aes.js":{"language":"JavaScript","code":61,"comment":11,"blank":22},"file:///c%3A/%E5%9C%A8%E4%BF%AE%E6%94%B9%E7%9A%84%E5%86%85%E5%AE%B9/jbbot/zmng/res/style.css":{"language":"CSS","code":7,"comment":0,"blank":2},"file:///c%3A/%E5%9C%A8%E4%BF%AE%E6%94%B9%E7%9A%84%E5%86%85%E5%AE%B9/jbbot/zmng/index.js":{"language":"JavaScript","code":75,"comment":35,"blank":61},"file:///c%3A/%E5%9C%A8%E4%BF%AE%E6%94%B9%E7%9A%84%E5%86%85%E5%AE%B9/jbbot/zmng/node_modu/api2023jb.js":{"language":"JavaScript","code":234,"comment":58,"blank":137},"file:///c%3A/%E5%9C%A8%E4%BF%AE%E6%94%B9%E7%9A%84%E5%86%85%E5%AE%B9/jbbot/zmng/index.html":{"language":"HTML","code":59,"comment":2,"blank":30},"file:///c%3A/%E5%9C%A8%E4%BF%AE%E6%94%B9%E7%9A%84%E5%86%85%E5%AE%B9/jbbot/zmng/dslAsm.sql":{"language":"SQL","code":43,"comment":2,"blank":47},"file:///c%3A/%E5%9C%A8%E4%BF%AE%E6%94%B9%E7%9A%84%E5%86%85%E5%AE%B9/jbbot/zmng/node_modu/dsl.js":{"language":"JavaScript","code":16,"comment":4,"blank":10},"file:///c%3A/%E5%9C%A8%E4%BF%AE%E6%94%B9%E7%9A%84%E5%86%85%E5%AE%B9/jbbot/zmng/dsl.sql":{"language":"SQL","code":26,"comment":2,"blank":27},"file:///c%3A/%E5%9C%A8%E4%BF%AE%E6%94%B9%E7%9A%84%E5%86%85%E5%AE%B9/jbbot/zmng/dsktp.js":{"language":"JavaScript","code":70,"comment":28,"blank":27},"file:///c%3A/%E5%9C%A8%E4%BF%AE%E6%94%B9%E7%9A%84%E5%86%85%E5%AE%B9/jbbot/zmng/libx/agt.js":{"language":"JavaScript","code":62,"comment":5,"blank":23},"file:///c%3A/%E5%9C%A8%E4%BF%AE%E6%94%B9%E7%9A%84%E5%86%85%E5%AE%B9/jbbot/zmng/node_modu/php.js":{"language":"JavaScript","code":137,"comment":21,"blank":57},"file:///c%3A/%E5%9C%A8%E4%BF%AE%E6%94%B9%E7%9A%84%E5%86%85%E5%AE%B9/jbbot/zmng/node_modu/package.json":{"language":"JSON","code":8,"comment":0,"blank":1},"file:///c%3A/%E5%9C%A8%E4%BF%AE%E6%94%B9%E7%9A%84%E5%86%85%E5%AE%B9/jbbot/zmng/node_modu/http.js":{"language":"JavaScript","code":74,"comment":13,"blank":36},"file:///c%3A/%E5%9C%A8%E4%BF%AE%E6%94%B9%E7%9A%84%E5%86%85%E5%AE%B9/jbbot/zmng/node_modu/secury.js":{"language":"JavaScript","code":0,"comment":0,"blank":1},"file:///c%3A/%E5%9C%A8%E4%BF%AE%E6%94%B9%E7%9A%84%E5%86%85%E5%AE%B9/jbbot/zmng/node_modu/ui.js":{"language":"JavaScript","code":63,"comment":28,"blank":30},"file:///c%3A/%E5%9C%A8%E4%BF%AE%E6%94%B9%E7%9A%84%E5%86%85%E5%AE%B9/jbbot/zmng/node_modu/fp_ati1990.js":{"language":"JavaScript","code":199,"comment":43,"blank":76},"file:///c%3A/%E5%9C%A8%E4%BF%AE%E6%94%B9%E7%9A%84%E5%86%85%E5%AE%B9/jbbot/zmng/libBiz/t.ts":{"language":"TypeScript","code":1,"comment":0,"blank":0},"file:///c%3A/%E5%9C%A8%E4%BF%AE%E6%94%B9%E7%9A%84%E5%86%85%E5%AE%B9/jbbot/zmng/libx/aes.js":{"language":"JavaScript","code":61,"comment":11,"blank":22},"file:///c%3A/%E5%9C%A8%E4%BF%AE%E6%94%B9%E7%9A%84%E5%86%85%E5%AE%B9/jbbot/zmng/libBiz/jsphpT.js":{"language":"JavaScript","code":2,"comment":1,"blank":2},"file:///c%3A/%E5%9C%A8%E4%BF%AE%E6%94%B9%E7%9A%84%E5%86%85%E5%AE%B9/jbbot/zmng/node_modu/file.js":{"language":"JavaScript","code":33,"comment":5,"blank":10},"file:///c%3A/%E5%9C%A8%E4%BF%AE%E6%94%B9%E7%9A%84%E5%86%85%E5%AE%B9/jbbot/zmng/shangxiafen.htm":{"language":"HTML","code":145,"comment":60,"blank":52},"file:///c%3A/%E5%9C%A8%E4%BF%AE%E6%94%B9%E7%9A%84%E5%86%85%E5%AE%B9/jbbot/zmng/libBiz/exec.php":{"language":"PHP","code":1,"comment":0,"blank":6},"file:///c%3A/%E5%9C%A8%E4%BF%AE%E6%94%B9%E7%9A%84%E5%86%85%E5%AE%B9/jbbot/zmng/oplog.htm":{"language":"HTML","code":121,"comment":60,"blank":49},"file:///c%3A/%E5%9C%A8%E4%BF%AE%E6%94%B9%E7%9A%84%E5%86%85%E5%AE%B9/jbbot/zmng/libx/phpT.htm.html":{"language":"HTML","code":14,"comment":0,"blank":7},"file:///c%3A/%E5%9C%A8%E4%BF%AE%E6%94%B9%E7%9A%84%E5%86%85%E5%AE%B9/jbbot/zmng/libx/php.js":{"language":"JavaScript","code":112,"comment":18,"blank":35},"file:///c%3A/%E5%9C%A8%E4%BF%AE%E6%94%B9%E7%9A%84%E5%86%85%E5%AE%B9/jbbot/zmng/libx/http.js":{"language":"JavaScript","code":68,"comment":11,"blank":36},"file:///c%3A/%E5%9C%A8%E4%BF%AE%E6%94%B9%E7%9A%84%E5%86%85%E5%AE%B9/jbbot/zmng/libx/file.js":{"language":"JavaScript","code":6,"comment":0,"blank":7},"file:///c%3A/%E5%9C%A8%E4%BF%AE%E6%94%B9%E7%9A%84%E5%86%85%E5%AE%B9/jbbot/zmng/libx/phpTest.js":{"language":"JavaScript","code":15,"comment":0,"blank":2},"file:///c%3A/%E5%9C%A8%E4%BF%AE%E6%94%B9%E7%9A%84%E5%86%85%E5%AE%B9/jbbot/zmng/libx/enc.js":{"language":"JavaScript","code":23,"comment":6,"blank":8},"file:///c%3A/%E5%9C%A8%E4%BF%AE%E6%94%B9%E7%9A%84%E5%86%85%E5%AE%B9/jbbot/zmng/libx/dsl.js":{"language":"JavaScript","code":16,"comment":4,"blank":10},"file:///c%3A/%E5%9C%A8%E4%BF%AE%E6%94%B9%E7%9A%84%E5%86%85%E5%AE%B9/jbbot/zmng/libx/autoload.js":{"language":"JavaScript","code":22,"comment":10,"blank":14},"file:///c%3A/%E5%9C%A8%E4%BF%AE%E6%94%B9%E7%9A%84%E5%86%85%E5%AE%B9/jbbot/zmng/libx/autoldTst.js":{"language":"JavaScript","code":4,"comment":0,"blank":8},"file:///c%3A/%E5%9C%A8%E4%BF%AE%E6%94%B9%E7%9A%84%E5%86%85%E5%AE%B9/jbbot/zmng/libx/callFun.js":{"language":"JavaScript","code":46,"comment":79,"blank":30},"file:///c%3A/%E5%9C%A8%E4%BF%AE%E6%94%B9%E7%9A%84%E5%86%85%E5%AE%B9/jbbot/zmng/node_modu/exprs.js":{"language":"JavaScript","code":79,"comment":15,"blank":10},"file:///c%3A/%E5%9C%A8%E4%BF%AE%E6%94%B9%E7%9A%84%E5%86%85%E5%AE%B9/jbbot/zmng/libx/phpT.js":{"language":"JavaScript","code":2,"comment":15,"blank":2},"file:///c%3A/%E5%9C%A8%E4%BF%AE%E6%94%B9%E7%9A%84%E5%86%85%E5%AE%B9/jbbot/zmng/node_modu/enc.js":{"language":"JavaScript","code":33,"comment":6,"blank":8},"file:///c%3A/%E5%9C%A8%E4%BF%AE%E6%94%B9%E7%9A%84%E5%86%85%E5%AE%B9/jbbot/zmng/node_modu/dslParse.js":{"language":"JavaScript","code":219,"comment":23,"blank":99},"file:///c%3A/%E5%9C%A8%E4%BF%AE%E6%94%B9%E7%9A%84%E5%86%85%E5%AE%B9/jbbot/zmng/ctrl.js":{"language":"JavaScript","code":12,"comment":1,"blank":5},"file:///c%3A/%E5%9C%A8%E4%BF%AE%E6%94%B9%E7%9A%84%E5%86%85%E5%AE%B9/jbbot/zmng/cfg.js":{"language":"JavaScript","code":1,"comment":0,"blank":0},"file:///c%3A/%E5%9C%A8%E4%BF%AE%E6%94%B9%E7%9A%84%E5%86%85%E5%AE%B9/jbbot/zmng/agt.js":{"language":"JavaScript","code":62,"comment":5,"blank":23},"file:///c%3A/%E5%9C%A8%E4%BF%AE%E6%94%B9%E7%9A%84%E5%86%85%E5%AE%B9/jbbot/zmng/ini/bp.md":{"language":"Markdown","code":4,"comment":0,"blank":9},"file:///c%3A/%E5%9C%A8%E4%BF%AE%E6%94%B9%E7%9A%84%E5%86%85%E5%AE%B9/jbbot/zmng/libx/pkgtst.js":{"language":"JavaScript","code":2,"comment":0,"blank":3},"file:///c%3A/%E5%9C%A8%E4%BF%AE%E6%94%B9%E7%9A%84%E5%86%85%E5%AE%B9/jbbot/zmng/db/userColl.json":{"language":"JSON","code":14,"comment":0,"blank":0},"file:///c%3A/%E5%9C%A8%E4%BF%AE%E6%94%B9%E7%9A%84%E5%86%85%E5%AE%B9/jbbot/zmng/dslV3.sql":{"language":"SQL","code":45,"comment":2,"blank":64},"file:///c%3A/%E5%9C%A8%E4%BF%AE%E6%94%B9%E7%9A%84%E5%86%85%E5%AE%B9/jbbot/zmng/.git-robot/git-robot.log":{"language":"Log","code":1,"comment":0,"blank":1},"file:///c%3A/%E5%9C%A8%E4%BF%AE%E6%94%B9%E7%9A%84%E5%86%85%E5%AE%B9/jbbot/zmng/db/db400.json":{"language":"JSON","code":7,"comment":0,"blank":0},"file:///c%3A/%E5%9C%A8%E4%BF%AE%E6%94%B9%E7%9A%84%E5%86%85%E5%AE%B9/jbbot/zmng/libx/php.php":{"language":"PHP","code":3,"comment":0,"blank":1},"file:///c%3A/%E5%9C%A8%E4%BF%AE%E6%94%B9%E7%9A%84%E5%86%85%E5%AE%B9/jbbot/zmng/db/coll_user.json":{"language":"JSON","code":6,"comment":0,"blank":0},"file:///c%3A/%E5%9C%A8%E4%BF%AE%E6%94%B9%E7%9A%84%E5%86%85%E5%AE%B9/jbbot/zmng/db/scoreLogColl.json":{"language":"JSON","code":56,"comment":0,"blank":0},"file:///c%3A/%E5%9C%A8%E4%BF%AE%E6%94%B9%E7%9A%84%E5%86%85%E5%AE%B9/jbbot/zmng/db/opLogColl.json":{"language":"JSON","code":140,"comment":0,"blank":0}}