{
  "maintype": "/GameHandle",
  "type": 0,
  "data": {
    "account": "888",
    "code": 0,
    "url": "https://03c0fb98.mzydm.com?08TqyxKA=IsI5yUQtsVYkcfcz%2B3RM99dACjhVnm1F7qWIpsIaGcw%3D&gamebackurl=VPPf%2FVHC%2Bxj7%2FyxqZhvITQ%3D%3D&vzGYhgYC=THBsOdVWEY1sLVFPXMOCLsd6LAhXGi%2BD3aOaZRD4eY7R8JCXwG49%2FK8zIOFR6%2F3LWNjY8%2FDyUHz4Q%2B0BnfsmcOv4PCk1NEAcpChj%2BNgXFRU%3D&apiadd=4x0j8TexTxEqeatpQCjnuTHL%2B8JKOY1e24xpUHJvpLStbWj6mQvTUcwOdN2inXRR&aid=a8BZmC5V3EKnbk0W0QxtFQ%3D%3D&versions=hall-2.0.1,update_url-KazeP7n50PujPnKaYpQKK1Mt6CcjTDOnRKOuW9vkw63ra5n%2Fk6Gx46RRRFqhhlgM1jZ5QGFQRXvR%2FZW0KhDxfQ%3D%3D,client-202&logintype=1&gameid=0"
  }
}