[
  {
    "uname": "Xxx0079468",
    "cashio": "cashin",
    "amt": "100",
    "time": "2023-10-02 13:58:14"
  },
  {
    "uname": "Xxx0079468",
    "cashio": "cashin",
    "amt": "20",
    "time": "2023-10-02 13:58:37"
  },
  {
    "uname": "Xxx0079468",
    "cashio": "cashin",
    "amt": "10",
    "time": "2023-10-02 13:59:06"
  },
  {
    "id": "20231002_143913",
    "uname": "Xxx0079468",
    "cashio": "cashout",
    "amt": "12",
    "time": "2023-10-02 14:06:10",
    "stat": "已处理"
  },
  {
    "id": "20231002_143914",
    "uname": "Xxx0079468",
    "cashio": "下分",
    "amt": "11",
    "time": "2023-10-02 14:07:51",
    "stat": "已处理"
  },
  {
    "id": "20231002_143915",
    "uname": "Xxx0079468",
    "cashio": "上分",
    "amt": "1",
    "time": "2023-10-02 14:39:15",
    "stat": "已处理"
  },
  {
    "id": "20231003_134004",
    "uname": "HP9001",
    "cashio": "下分",
    "amt": "99",
    "time": "2023-10-03 13:40:04"
  },
  {
    "id": "20231003_134004",
    "uname": "HP9001",
    "cashio": "上分",
    "amt": "500",
    "time": "2023-10-03 13:40:04"
  },
  {
    "id": "20231003_134007",
    "uname": "HP9001",
    "cashio": "上分",
    "amt": "100",
    "time": "2023-10-03 13:40:07"
  },
  {
    "id": "20231003_134007",
    "uname": "HP9001",
    "cashio": "下分",
    "amt": "88",
    "time": "2023-10-03 13:40:07"
  },
  {
    "id": "20231003_134038",
    "uname": "Xxx0079468",
    "cashio": "下分",
    "amt": "1",
    "time": "2023-10-03 13:40:38",
    "stat": "已处理",
    "statShow": "已拒绝"
  },
  {
    "id": "20231003_161219",
    "uname": "ctb547689",
    "cashio": "上分",
    "amt": "100",
    "time": "2023-10-03 16:12:19"
  },
  {
    "id": "20231003_163103",
    "uname": "ctb547689",
    "cashio": "下分",
    "amt": "100",
    "time": "2023-10-03 16:31:03"
  },
  {
    "id": "20231003_163103",
    "uname": "Xxx0079468",
    "cashio": "下分",
    "amt": "1",
    "time": "2023-10-03 16:31:03"
  },
  {
    "id": "20231003_163133",
    "uname": "Xxx0079468",
    "cashio": "下分",
    "amt": "2",
    "time": "2023-10-03 16:31:33"
  },
  {
    "id": "20231003_163317",
    "uname": "Xxx0079468",
    "cashio": "下分",
    "amt": "1",
    "time": "2023-10-03 16:33:17"
  },
  {
    "id": "20231003_163459",
    "uname": "Xxx0079468",
    "cashio": "下分",
    "amt": "1",
    "time": "2023-10-03 16:34:59"
  },
  {
    "id": "20231004_132907",
    "uname": "ctb547689",
    "cashio": "上分",
    "amt": "500",
    "time": "2023-10-04 13:29:07"
  },
  {
    "id": "20231004_132924",
    "uname": "Xxx0079468",
    "cashio": "上分",
    "amt": "1",
    "time": "2023-10-04 13:29:24"
  },
  {
    "id": "20231004_132932",
    "uname": "Xxx0079468",
    "cashio": "下分",
    "amt": "2",
    "time": "2023-10-04 13:29:32",
    "stat": "已处理",
    "statShow": "已拒绝"
  },
  {
    "message_id": 350,
    "id": "20231004_135809",
    "uname": "Xxx0079468",
    "cashio": "上分",
    "amt": "1",
    "time": "2023-10-04 13:58:09",
    "stat": "已处理",
    "statShow": "已通过"
  },
  {
    "message_id": 356,
    "id": "20231004_145707",
    "uname": "Xxx0079468",
    "cashio": "下分",
    "amt": "2",
    "time": "2023-10-04 14:57:07",
    "stat": "已处理",
    "statShow": "已拒绝"
  },
  {
    "message_id": 359,
    "id": "20231004_145746",
    "uname": "Xxx0079468",
    "cashio": "下分",
    "amt": "1",
    "time": "2023-10-04 14:57:46",
    "stat": "已处理",
    "statShow": "已通过"
  },
  {
    "message_id": 361,
    "id": "20231004_145837",
    "uname": "Xxx0079468",
    "cashio": "下分",
    "amt": "1",
    "time": "2023-10-04 14:58:37",
    "stat": "已处理",
    "statShow": "已通过"
  },
  {
    "message_id": 363,
    "id": "20231004_145908",
    "uname": "Xxx0079468",
    "cashio": "下分",
    "amt": "2",
    "time": "2023-10-04 14:59:08",
    "stat": "已处理",
    "statShow": "已通过"
  },
  {
    "message_id": 370,
    "id": "20231005_123702",
    "uname": "ctb547689",
    "cashio": "下分",
    "amt": "200",
    "time": "2023-10-05 12:37:02"
  },
  {
    "message_id": 372,
    "id": "20231005_123929",
    "uname": "ctb547689",
    "cashio": "上分",
    "amt": "100",
    "time": "2023-10-05 12:39:29",
    "stat": "已处理",
    "statShow": "已通过"
  },
  {
    "message_id": 375,
    "id": "20231005_133217",
    "uname": "Xxx0079468",
    "cashio": "上分",
    "amt": "10",
    "time": "2023-10-05 13:32:17"
  },
  {
    "message_id": 379,
    "id": "20231005_133217",
    "uname": "mouzy888",
    "cashio": "上分",
    "amt": "1",
    "time": "2023-10-05 13:32:17"
  },
  {
    "message_id": 377,
    "id": "20231005_133217",
    "uname": "ctb547689",
    "cashio": "上分",
    "amt": "100",
    "time": "2023-10-05 13:32:17"
  },
  {
    "message_id": 381,
    "id": "20231005_133217",
    "uname": "ctb547689",
    "cashio": "下分",
    "amt": "100",
    "time": "2023-10-05 13:32:17"
  },
  {
    "message_id": 382,
    "id": "20231005_133217",
    "uname": "ctb547689",
    "cashio": "上分",
    "amt": "",
    "time": "2023-10-05 13:32:17"
  },
  {
    "message_id": 380,
    "id": "20231005_133217",
    "uname": "Xxx0079468",
    "cashio": "上分",
    "amt": "6",
    "time": "2023-10-05 13:32:17"
  },
  {
    "message_id": 390,
    "id": "20231005_133549",
    "uname": "mouzy888",
    "cashio": "上分",
    "amt": "1",
    "time": "2023-10-05 13:35:49"
  }
]