[
  {
    "agtid": "111356",
    "op": "添加用户",
    "uname": "11101236",
    "类型": "添加用户",
    "time": "2023-09-23 14:26:50"
  },
  {
    "agtid": "111356",
    "op": "上分操作",
    "uname": "777",
    "score": "1",
    "类型": "上分",
    "time": "2023-09-23 14:27:09"
  },
  {
    "agtid": "111356",
    "op": "踢玩家下线",
    "uname": "777",
    "类型": "踢玩家下线",
    "time": "2023-09-23 14:27:15"
  },
  {
    "agtid": "111356",
    "op": "下分操作",
    "uname": "777",
    "score": "1",
    "类型": "下分",
    "time": "2023-09-23 14:27:30"
  },
  {
    "agtid": "111356",
    "op": "上分操作",
    "uname": "777",
    "score": "2",
    "类型": "上分",
    "time": "2023-09-23 16:09:30"
  },
  {
    "agtid": "111356",
    "op": "下分操作",
    "uname": "777",
    "score": "1",
    "类型": "下分",
    "time": "2023-09-23 16:09:30"
  },
  {
    "agtid": "111356",
    "op": "踢玩家下线",
    "uname": "777",
    "类型": "踢玩家下线",
    "time": "2023-09-23 16:09:30"
  },
  {
    "agtid": "111356",
    "op": "下分操作",
    "uname": "uname1",
    "score": "5830",
    "类型": "下分",
    "time": "2023-09-23 16:16:48"
  },
  {
    "agtid": "111356",
    "op": "下分操作",
    "uname": "555",
    "score": "78",
    "类型": "下分",
    "time": "2023-09-23 16:18:55"
  },
  {
    "agtid": "111356",
    "op": "下分操作",
    "uname": "666",
    "score": "500",
    "类型": "下分",
    "time": "2023-09-23 16:19:12"
  },
  {
    "agtid": "111356",
    "op": "下分操作",
    "uname": "133",
    "score": "212",
    "类型": "下分",
    "time": "2023-09-23 16:19:41"
  },
  {
    "agtid": "111356",
    "op": "下分操作",
    "uname": "888",
    "score": "15",
    "类型": "下分",
    "time": "2023-09-23 16:19:51"
  },
  {
    "agtid": "111356",
    "op": "下分操作",
    "uname": "777",
    "score": "876",
    "类型": "下分",
    "time": "2023-09-23 16:20:17"
  },
  {
    "agtid": "111356",
    "op": "下分操作",
    "uname": "999",
    "score": "100",
    "类型": "下分",
    "time": "2023-09-23 16:20:26"
  },
  {
    "agtid": "111356",
    "op": "下分操作",
    "uname": "000",
    "score": "500",
    "类型": "下分",
    "time": "2023-09-23 16:20:54"
  },
  {
    "agtid": "111356",
    "op": "下分操作",
    "uname": "u1",
    "score": "300",
    "类型": "下分",
    "time": "2023-09-23 16:21:04"
  },
  {
    "agtid": "111356",
    "op": "下分操作",
    "uname": "6565",
    "score": "45",
    "类型": "下分",
    "time": "2023-09-23 16:23:43"
  },
  {
    "agtid": "111356",
    "op": "上分操作",
    "uname": "777",
    "score": "77",
    "类型": "上分",
    "time": "2023-09-25 12:17:15"
  },
  {
    "agtid": 111356,
    "op": "下分操作",
    "uname": "Xxx0079468",
    "score": "100",
    "类型": "下分",
    "time": "2023-09-26 17:59:57"
  },
  {
    "agtid": 111356,
    "op": "下分操作",
    "uname": "Xxx0079468",
    "score": "100",
    "类型": "下分",
    "time": "2023-09-26 18:09:09"
  },
  {
    "agtid": 111356,
    "op": "下分操作",
    "uname": "Xxx0079468",
    "score": "100",
    "类型": "下分",
    "time": "2023-09-26 18:17:06"
  },
  {
    "agtid": 111356,
    "op": "下分操作",
    "uname": "Xxx0079468",
    "score": "50",
    "类型": "下分",
    "time": "2023-09-26 18:18:32"
  },
  {
    "agtid": 111356,
    "op": "下分操作",
    "uname": "Xxx0079468",
    "score": "20",
    "类型": "下分",
    "time": "2023-09-26 20:30:54"
  },
  {
    "agtid": 111356,
    "op": "下分操作",
    "uname": "Xxx0079468",
    "score": "100",
    "类型": "下分",
    "time": "2023-09-27 12:44:07"
  },
  {
    "agtid": 111356,
    "op": "上分操作",
    "uname": "Xxx0079468",
    "score": "10",
    "类型": "上分",
    "time": "2023-09-27 12:44:24"
  },
  {
    "agtid": 111356,
    "op": "下分操作",
    "uname": "Xxx0079468",
    "score": "11",
    "类型": "下分",
    "time": "2023-09-27 15:31:42"
  },
  {
    "agtid": "111356",
    "op": "踢玩家下线",
    "uname": "777",
    "类型": "踢玩家下线",
    "time": "2023-09-27 18:53:31"
  },
  {
    "agtid": 111356,
    "op": "下分操作",
    "uname": "Xxx0079468",
    "txt": "下分10",
    "score": "10",
    "类型": "下分",
    "time": "2023-09-27 21:10:44"
  },
  {
    "agtid": "111356",
    "op": "踢玩家下线",
    "uname": "777",
    "类型": "踢玩家下线",
    "time": "2023-09-27 21:55:42"
  },
  {
    "agtid": "111356",
    "op": "下分操作",
    "uname": "777",
    "txt": "下分1",
    "score": "1",
    "类型": "下分",
    "time": "2023-09-27 22:03:43"
  },
  {
    "agtid": "111356",
    "op": "下分操作",
    "uname": "777",
    "txt": "下分1",
    "score": "1",
    "类型": "下分",
    "time": "2023-09-27 22:04:10"
  },
  {
    "agtid": "111356",
    "op": "踢玩家下线",
    "uname": "777",
    "类型": "踢玩家下线",
    "time": "2023-09-27 22:04:10"
  },
  {
    "agtid": 111356,
    "op": "添加用户",
    "uname": "ctb547689",
    "类型": "添加用户",
    "time": "2023-09-28 17:36:58"
  },
  {
    "agtid": 111356,
    "op": "添加用户",
    "uname": "ctb547689",
    "类型": "添加用户",
    "time": "2023-09-28 17:36:58"
  },
  {
    "agtid": 111356,
    "op": "添加用户",
    "uname": "xiju12345",
    "类型": "添加用户",
    "time": "2023-09-28 17:45:20"
  },
  {
    "agtid": 111356,
    "txt": "上分1",
    "op": "上分操作",
    "uname": "Xxx0079468",
    "score": "1",
    "类型": "上分",
    "time": "2023-09-28 17:50:41"
  },
  {
    "agtid": 111356,
    "txt": "上分100",
    "op": "上分操作",
    "uname": "ctb547689",
    "score": "100",
    "类型": "上分",
    "time": "2023-09-28 17:53:10"
  },
  {
    "agtid": "111356",
    "op": "下分操作",
    "uname": "Xxx0079468",
    "txt": "下分11",
    "score": "11",
    "类型": "下分",
    "time": "2023-10-02 17:49:51"
  },
  {
    "agtid": "111356",
    "op": "添加用户",
    "uname": "910305",
    "类型": "添加用户",
    "time": "2023-10-02 21:14:37"
  },
  {
    "agtid": "111356",
    "op": "下分操作",
    "uname": "777",
    "txt": "下分1",
    "score": "1",
    "类型": "下分",
    "time": "2023-10-02 21:19:59"
  },
  {
    "agtid": "111356",
    "op": "踢玩家下线",
    "uname": "777",
    "类型": "踢玩家下线",
    "time": "2023-10-02 21:19:59"
  },
  {
    "agtid": "111356",
    "op": "下分操作",
    "uname": "777",
    "txt": "下分1",
    "score": "1",
    "类型": "下分",
    "time": "2023-10-02 21:22:33"
  },
  {
    "agtid": "111356",
    "txt": "上分1",
    "op": "上分操作",
    "uname": "777",
    "score": "1",
    "类型": "上分",
    "time": "2023-10-03 13:36:18"
  },
  {
    "agtid": "111356",
    "op": "下分操作",
    "uname": "Xxx0079468",
    "txt": "下分1",
    "score": "1",
    "类型": "下分",
    "time": "2023-10-03 13:40:58"
  },
  {
    "agtid": "111356",
    "op": "下分操作",
    "uname": "Xxx0079468",
    "txt": "下分1",
    "score": "1",
    "类型": "下分",
    "time": "2023-10-03 13:42:29"
  },
  {
    "agtid": "111356",
    "op": "踢玩家下线",
    "uname": "777",
    "类型": "踢玩家下线",
    "txt": "踢玩家下线",
    "time": "2023-10-03 19:20:42"
  },
  {
    "agtid": "111356",
    "txt": "上分2",
    "op": "上分操作",
    "uname": "777",
    "score": "2",
    "类型": "上分",
    "time": "2023-10-03 19:24:07"
  },
  {
    "agtid": "111356",
    "op": "下分操作",
    "uname": "777",
    "txt": "下分1",
    "score": "1",
    "类型": "下分",
    "time": "2023-10-03 19:24:08"
  },
  {
    "agtid": "111356",
    "op": "踢玩家下线",
    "uname": "777",
    "类型": "踢玩家下线",
    "txt": "踢玩家下线",
    "time": "2023-10-03 19:24:08"
  },
  {
    "agtid": "111356",
    "txt": "上分1",
    "op": "上分操作",
    "uname": "Xxx0079468",
    "score": "1",
    "类型": "上分",
    "time": "2023-10-04 13:29:52"
  },
  {
    "agtid": "111356",
    "txt": "上分1",
    "op": "上分操作",
    "uname": "Xxx0079468",
    "score": "1",
    "类型": "上分",
    "time": "2023-10-04 13:44:05"
  },
  {
    "agtid": "111356",
    "txt": "上分1",
    "op": "上分操作",
    "uname": "Xxx0079468",
    "score": "1",
    "类型": "上分",
    "time": "2023-10-04 13:49:11"
  },
  {
    "agtid": "111356",
    "txt": "上分1",
    "op": "上分操作",
    "uname": "Xxx0079468",
    "score": "1",
    "类型": "上分",
    "time": "2023-10-04 13:58:19"
  },
  {
    "agtid": "111356",
    "txt": "上分1",
    "op": "上分操作",
    "uname": "Xxx0079468",
    "score": "1",
    "类型": "上分",
    "time": "2023-10-04 14:52:58"
  },
  {
    "agtid": "111356",
    "txt": "上分1",
    "op": "上分操作",
    "uname": "Xxx0079468",
    "score": "1",
    "类型": "上分",
    "time": "2023-10-04 14:54:14"
  },
  {
    "agtid": "111356",
    "txt": "上分1",
    "op": "上分操作",
    "uname": "Xxx0079468",
    "score": "1",
    "类型": "上分",
    "time": "2023-10-04 14:55:04"
  },
  {
    "agtid": "111356",
    "txt": "上分1",
    "op": "上分操作",
    "uname": "Xxx0079468",
    "score": "1",
    "类型": "上分",
    "time": "2023-10-04 14:56:28"
  },
  {
    "agtid": "111356",
    "txt": "上分1",
    "op": "上分操作",
    "uname": "Xxx0079468",
    "score": "1",
    "类型": "上分",
    "time": "2023-10-04 14:56:29"
  },
  {
    "agtid": "111356",
    "op": "下分操作",
    "uname": "Xxx0079468",
    "txt": "下分1",
    "score": "1",
    "类型": "下分",
    "time": "2023-10-04 14:57:52"
  },
  {
    "agtid": "111356",
    "op": "下分操作",
    "uname": "Xxx0079468",
    "txt": "下分1",
    "score": "1",
    "类型": "下分",
    "time": "2023-10-04 14:59:07"
  },
  {
    "agtid": "111356",
    "op": "下分操作",
    "uname": "Xxx0079468",
    "txt": "下分2",
    "score": "2",
    "类型": "下分",
    "time": "2023-10-04 14:59:25"
  },
  {
    "agtid": "111356",
    "op": "下分操作",
    "uname": "Xxx0079468",
    "txt": "下分2",
    "score": "2",
    "类型": "下分",
    "time": "2023-10-04 15:00:42"
  },
  {
    "agtid": "111356",
    "txt": "上分1",
    "op": "上分操作",
    "uname": "Xxx0079468",
    "score": "1",
    "类型": "上分",
    "time": "2023-10-04 15:01:57"
  },
  {
    "agtid": "111356",
    "txt": "上分1",
    "op": "上分操作",
    "uname": "Xxx0079468",
    "score": "1",
    "类型": "上分",
    "time": "2023-10-04 15:01:58"
  },
  {
    "agtid": "111356",
    "txt": "上分100",
    "op": "上分操作",
    "uname": "ctb547689",
    "score": "100",
    "类型": "上分",
    "time": "2023-10-05 12:43:21"
  },
  {
    "agtid": "111356",
    "txt": "上分1",
    "op": "上分操作",
    "uname": "777",
    "score": "1",
    "类型": "上分",
    "time": "2023-10-28 15:03:45"
  },
  {
    "agtid": "111356",
    "txt": "上分1",
    "op": "上分操作",
    "uname": "777",
    "score": "1",
    "类型": "上分",
    "time": "2023-10-28 15:05:48"
  },
  {
    "agtid": "111356",
    "txt": "上分1",
    "op": "上分操作",
    "uname": "777",
    "score": "1",
    "类型": "上分",
    "time": "2023-10-28 15:07:15"
  }
]