[
  {
    "agtid": "111356",
    "uname": "777",
    "score": "1",
    "类型": "上分",
    "time": "2023-09-23 14:27:09"
  },
  {
    "uname": "777",
    "score": "1",
    "类型": "下分",
    "time": "2023-09-23 14:27:30"
  },
  {
    "agtid": "111356",
    "uname": "777",
    "score": "2",
    "类型": "上分",
    "time": "2023-09-23 16:09:30"
  },
  {
    "uname": "777",
    "score": "1",
    "类型": "下分",
    "time": "2023-09-23 16:09:30"
  },
  {
    "uname": "uname1",
    "score": "5830",
    "类型": "下分",
    "time": "2023-09-23 16:16:48"
  },
  {
    "uname": "555",
    "score": "78",
    "类型": "下分",
    "time": "2023-09-23 16:18:55"
  },
  {
    "uname": "666",
    "score": "500",
    "类型": "下分",
    "time": "2023-09-23 16:19:12"
  },
  {
    "uname": "133",
    "score": "212",
    "类型": "下分",
    "time": "2023-09-23 16:19:41"
  },
  {
    "uname": "888",
    "score": "15",
    "类型": "下分",
    "time": "2023-09-23 16:19:51"
  },
  {
    "uname": "777",
    "score": "876",
    "类型": "下分",
    "time": "2023-09-23 16:20:17"
  },
  {
    "uname": "999",
    "score": "100",
    "类型": "下分",
    "time": "2023-09-23 16:20:26"
  },
  {
    "uname": "000",
    "score": "500",
    "类型": "下分",
    "time": "2023-09-23 16:20:54"
  },
  {
    "uname": "u1",
    "score": "300",
    "类型": "下分",
    "time": "2023-09-23 16:21:04"
  },
  {
    "uname": "6565",
    "score": "45",
    "类型": "下分",
    "time": "2023-09-23 16:23:43"
  },
  {
    "agtid": "111356",
    "uname": "777",
    "score": "77",
    "类型": "上分",
    "time": "2023-09-25 12:17:15"
  },
  {
    "uname": "Xxx0079468",
    "score": "100",
    "类型": "下分",
    "time": "2023-09-26 17:59:57"
  },
  {
    "uname": "Xxx0079468",
    "score": "100",
    "类型": "下分",
    "time": "2023-09-26 18:09:09"
  },
  {
    "uname": "Xxx0079468",
    "score": "100",
    "类型": "下分",
    "time": "2023-09-26 18:17:06"
  },
  {
    "uname": "Xxx0079468",
    "score": "50",
    "类型": "下分",
    "time": "2023-09-26 18:18:32"
  },
  {
    "uname": "Xxx0079468",
    "score": "20",
    "类型": "下分",
    "time": "2023-09-26 20:30:54"
  },
  {
    "uname": "Xxx0079468",
    "score": "100",
    "类型": "下分",
    "time": "2023-09-27 12:44:07"
  },
  {
    "agtid": 111356,
    "uname": "Xxx0079468",
    "score": "10",
    "类型": "上分",
    "time": "2023-09-27 12:44:24"
  },
  {
    "uname": "Xxx0079468",
    "score": "11",
    "类型": "下分",
    "time": "2023-09-27 15:31:42"
  },
  {
    "uname": "Xxx0079468",
    "score": "10",
    "类型": "下分",
    "time": "2023-09-27 21:10:44"
  },
  {
    "uname": "777",
    "score": "1",
    "类型": "下分",
    "time": "2023-09-27 22:03:43"
  },
  {
    "uname": "777",
    "score": "1",
    "类型": "下分",
    "time": "2023-09-27 22:04:10"
  }
]