[
  {
    "agtid": 123,
    "op": "上分操作",
    "uname": "777",
    "score": "1",
    "类型": "上分",
    "time": "2023-09-13 13:09:04"
  },
  {
    "agtid": 123,
    "op": "上分操作",
    "uname": "777",
    "score": "11",
    "类型": "上分",
    "time": "2023-09-13 13:10:13"
  },
  {
    "agtid": "111356",
    "op": "上分操作",
    "uname": "777",
    "score": "9",
    "类型": "上分",
    "time": "2023-09-13 13:43:26"
  },
  {
    "agtid": "111356",
    "op": "上分操作",
    "uname": "777",
    "score": "1",
    "类型": "上分",
    "time": "2023-09-13 14:52:38"
  },
  {
    "op": "下分操作",
    "uname": "777",
    "score": "2",
    "类型": "下分",
    "time": "2023-09-13 14:52:53"
  },
  {
    "op": "踢玩家下线",
    "uname": "777",
    "类型": "踢玩家下线",
    "time": "2023-09-13 14:55:32"
  },
  {
    "op": "踢玩家下线",
    "uname": "777",
    "类型": "踢玩家下线",
    "time": "2023-09-13 14:56:56"
  },
  {
    "agtid": "111356",
    "op": "踢玩家下线",
    "uname": "777",
    "类型": "踢玩家下线",
    "time": "2023-09-13 15:00:08"
  },
  "[object Object]"
]