[
  {
    "agtid": 111356,
    "uid": 32077146,
    "uname": 88,
    "nknm": 8
  },
  {
    "agtid": 111356,
    "uid": 32077123,
    "uname": 555,
    "nknm": 55
  },
  {
    "agtid": 111356,
    "uid": 32077119,
    "uname": 666,
    "nknm": 6
  },
  {
    "agtid": 111356,
    "uid": 32077118,
    "uname": 77,
    "nknm": 7
  },
  {
    "agtid": 111356,
    "uid": 32077117,
    "uname": 99,
    "nknm": 9
  },
  {
    "agtid": 111356,
    "uid": 32077089,
    "uname": 777,
    "nknm": 77
  },
  {
    "agtid": 111356,
    "uid": 32077087,
    "uname": 444,
    "nknm": 444
  },
  {
    "agtid": 111356,
    "uid": 32077086,
    "uname": 22,
    "nknm": 222
  },
  {
    "agtid": 111356,
    "uid": 32077085,
    "uname": 33,
    "nknm": 33
  },
  {
    "agtid": 111356,
    "uid": 32077084,
    "uname": 888,
    "nknm": 888
  },
  {
    "agtid": 111356,
    "uid": 32077082,
    "uname": 999,
    "nknm": 999
  },
  {
    "agtid": 111356,
    "uid": 32077073,
    "uname": 222,
    "nknm": 222
  },
  {
    "agtid": 111356,
    "uid": 32077072,
    "uname": 1111,
    "nknm": 1111
  },
  {
    "agtid": 111356,
    "uid": 32077068,
    "uname": 0,
    "nknm": 0
  },
  {
    "agtid": 111356,
    "uid": 32077018,
    "uname": "u1",
    "nknm": "u1nicknm"
  },
  {
    "agtid": 111356,
    "uid": 32076958,
    "uname": "u2",
    "nknm": "u2nknm"
  },
  {
    "agtid": 111356,
    "uid": 32076939,
    "uname": "uname1",
    "nknm": "uname1nknm"
  },
  {
    "agtid": 111356,
    "uid": 32076933,
    "uname": "userAccount323",
    "nknm": "usernickname"
  },
  {
    "agtid": 111356,
    "uid": 32074575,
    "uname": 5497585361,
    "nknm": "骚哥"
  }
]